City_ID,City,Country,Lat,Lng,Max Temp,Humidity,Cloudiness,Wind Speed,Current Description
0,Ushuaia,AR,-54.8,-68.3,35.26,75,0,4.61,clear sky
1,Hilo,US,19.7297,-155.09,83.25,70,50,5.01,scattered clouds
2,New Norfolk,AU,-42.7826,147.0587,58.91,57,84,7.0,light rain
3,Namatanai,PG,-3.6667,152.4333,83.57,72,20,8.57,few clouds
4,Tuktoyaktuk,CA,69.4541,-133.0374,57.2,67,75,12.66,broken clouds
5,Ketchikan,US,55.3422,-131.6461,62.28,76,100,7.18,overcast clouds
6,Rikitea,PF,-23.1203,-134.9692,74.46,82,38,18.84,light rain
7,Nalut,LY,30.3333,10.85,83.84,23,2,9.37,clear sky
8,Ilulissat,GL,69.2167,-51.1,41.54,99,100,3.94,light rain
9,Salmas,IR,38.1973,44.7653,74.39,57,5,2.06,clear sky
10,Sayyan,YE,15.1718,44.3244,63.48,51,96,2.48,overcast clouds
11,Majene,ID,-3.5403,118.9707,76.37,88,41,8.08,scattered clouds
12,Tuzha,RU,57.6062,47.936,58.5,76,63,6.24,broken clouds
13,Vila Velha,BR,-20.3297,-40.2925,73.35,73,0,3.44,clear sky
14,Ormara,PK,25.2088,64.6357,78.69,86,100,13.24,overcast clouds
15,Bathsheba,BB,13.2167,-59.5167,77.61,88,75,5.75,broken clouds
16,Shenjiamen,CN,29.9576,122.298,76.84,92,100,6.71,overcast clouds
17,Fort Nelson,CA,58.8053,-122.7002,76.59,27,40,12.66,scattered clouds
18,Hobart,AU,-42.8794,147.3294,59.25,53,0,8.01,light rain
19,Lompoc,US,34.6391,-120.4579,87.78,75,75,5.01,broken clouds
20,Amalapuram,IN,16.5833,82.0167,76.95,92,100,6.8,overcast clouds
21,Bone,DE,51.9669,12.1396,68.43,67,13,6.02,few clouds
22,Mount Isa,AU,-20.7333,139.5,67.77,34,2,8.05,clear sky
23,Vaini,TO,-21.2,-175.2,71.76,68,20,11.5,few clouds
24,Mar Del Plata,AR,-38.0023,-57.5575,48.22,93,0,5.75,clear sky
25,Ardabil,IR,38.2498,48.2933,64.51,56,4,4.36,clear sky
26,Hithadhoo,MV,-0.6,73.0833,81.66,75,100,16.71,overcast clouds
27,Healdsburg,US,38.6105,-122.8692,112.01,18,67,6.35,broken clouds
28,Port Hardy,CA,50.6996,-127.4199,69.98,68,75,10.36,broken clouds
29,Quatre Cocos,MU,-20.2078,57.7625,69.91,77,81,19.57,light rain
30,Nioro,GM,13.35,-15.75,76.71,90,100,7.7,overcast clouds
31,Guerrero Negro,MX,27.9769,-114.0611,81.21,53,68,18.19,broken clouds
32,Punta Arenas,CL,-53.15,-70.9167,39.31,100,90,5.75,light rain
33,La Ronge,CA,55.1001,-105.2842,89.85,29,1,6.91,haze
34,Lebu,CL,-37.6167,-73.65,46.63,86,98,2.46,overcast clouds
35,Samarai,PG,-10.6167,150.6667,78.66,86,84,16.49,broken clouds
36,Van Buren,US,35.4368,-94.3483,87.33,66,97,6.04,overcast clouds
37,San Isidro,PE,-12.1167,-77.05,70.02,83,75,1.01,broken clouds
38,Arraial Do Cabo,BR,-22.9661,-42.0278,67.53,83,100,11.18,overcast clouds
39,Bilma,NE,18.6853,12.9164,93.78,24,32,7.74,scattered clouds
40,Hermanus,ZA,-34.4187,19.2345,52.9,79,0,11.48,clear sky
41,Harstad,NO,68.799,16.5293,51.58,90,39,5.57,scattered clouds
42,Byron Bay,AU,-28.65,153.6167,70.05,80,17,5.14,few clouds
43,Harper,LR,4.375,-7.7169,75.69,73,71,7.05,broken clouds
44,Clyde River,CA,70.4692,-68.5914,40.59,92,100,4.63,overcast clouds
45,Vila Franca Do Campo,PT,37.7167,-25.4333,73.81,88,30,10.89,scattered clouds
46,Homestead,US,25.4687,-80.4776,85.01,83,100,8.01,overcast clouds
47,Khatanga,RU,71.9667,102.5,53.17,64,70,5.41,broken clouds
48,Severobaykalsk,RU,55.65,109.3167,60.55,62,1,3.62,clear sky
49,Lorengau,PG,-2.0226,147.2712,83.43,77,64,10.45,broken clouds
50,Puerto Ayora,EC,-0.7393,-90.3518,76.96,91,76,5.01,broken clouds
51,Jamestown,US,42.097,-79.2353,73.09,55,1,5.99,clear sky
52,Sioux Lookout,CA,50.1001,-91.917,80.98,32,20,10.36,few clouds
53,Alyangula,AU,-13.8483,136.4192,73.27,83,40,3.44,scattered clouds
54,Mataura,NZ,-46.1927,168.8643,51.48,77,92,6.2,overcast clouds
55,Wajima,JP,37.4,136.9,75.22,81,93,9.73,overcast clouds
56,Ponta Do Sol,PT,32.6667,-17.1,74.12,57,42,1.9,scattered clouds
57,San Patricio,US,28.017,-97.5169,91.9,51,92,13.02,overcast clouds
58,Qarchi Gak,AF,37.04,66.7889,71.69,19,0,15.57,clear sky
59,Albany,US,42.6001,-73.9662,78.64,56,18,1.99,few clouds
60,Am Timan,TD,11.0297,20.2827,73.51,91,86,2.98,overcast clouds
61,Busselton,AU,-33.65,115.3333,37.09,88,1,7.81,clear sky
62,Najran,SA,17.4924,44.1277,79.45,17,52,0.85,broken clouds
63,Avarua,CK,-21.2078,-159.775,73.45,73,90,6.91,overcast clouds
64,Yuzhnouralsk,RU,54.4418,61.2536,62.38,45,8,5.28,clear sky
65,Mumford,GH,5.2618,-0.759,74.8,86,22,10.87,few clouds
66,Gotsu,JP,35.0,132.2167,75.83,83,99,11.36,overcast clouds
67,Thompson,CA,55.7435,-97.8558,84.36,45,40,13.8,scattered clouds
68,Atuona,PF,-9.8,-139.0333,78.57,79,23,19.93,few clouds
69,Sur,OM,22.5667,59.5289,85.01,63,86,8.41,overcast clouds
70,Upernavik,GL,72.7868,-56.1549,43.79,98,100,14.0,overcast clouds
71,Cidreira,BR,-30.1811,-50.2056,59.5,92,95,14.63,overcast clouds
72,Saint-Philippe,RE,-21.3585,55.7679,69.39,78,94,15.37,overcast clouds
73,High Level,CA,58.5169,-117.136,75.31,33,75,9.22,broken clouds
74,Lamu,KE,-2.2717,40.902,74.53,86,27,15.73,scattered clouds
75,Montrose,US,38.4166,-108.2673,85.41,18,50,13.04,scattered clouds
76,Roald,NO,62.5833,6.1333,57.33,94,40,12.66,light rain
77,Tasiilaq,GL,65.6145,-37.6368,40.12,93,74,4.94,broken clouds
78,Faanui,PF,-16.4833,-151.75,78.64,72,0,4.14,clear sky
79,Bluff,NZ,-46.6,168.3333,51.8,75,97,20.54,overcast clouds
80,Rabo De Peixe,PT,37.8,-25.5833,72.91,88,75,9.22,broken clouds
81,Hualmay,PE,-11.0964,-77.6139,63.84,78,45,10.89,scattered clouds
82,Codrington,AU,-38.2667,141.9667,52.02,77,0,18.07,clear sky
83,Doha,QA,25.2867,51.5333,98.58,39,0,6.91,clear sky
84,Nieuw Nickerie,SR,5.95,-56.9833,78.13,86,57,8.48,broken clouds
85,Saint-Augustin,CA,51.226,-58.6502,65.52,91,36,6.4,scattered clouds
86,Korla,CN,41.7597,86.1469,76.6,36,87,8.95,overcast clouds
87,Chokurdakh,RU,70.6333,147.9167,42.93,74,100,13.58,overcast clouds
88,Castro,BR,-24.7911,-50.0119,53.73,95,45,3.87,scattered clouds
89,Katsuura,JP,35.1333,140.3,71.62,94,100,17.65,overcast clouds
90,Santa Marta,CO,11.2408,-74.199,82.35,82,61,6.2,broken clouds
91,Jiujiang,CN,29.7333,115.9833,72.81,99,100,3.02,overcast clouds
92,Sawakin,SD,19.1059,37.3321,91.63,48,72,3.78,broken clouds
93,Cayenne,GF,4.9333,-52.3333,81.09,83,0,3.0,clear sky
94,Cape Town,ZA,-33.9258,18.4232,53.11,81,0,1.01,clear sky
95,Mao,ES,39.8885,4.2658,79.36,100,0,4.61,clear sky
96,Khani,GE,41.9563,42.9566,62.17,96,100,0.74,overcast clouds
97,Norman Wells,CA,65.282,-126.8329,57.24,72,90,8.05,light rain
98,Barrow,US,71.2906,-156.7887,44.62,93,90,19.57,mist
99,Bredasdorp,ZA,-34.5322,20.0403,50.29,87,1,2.3,clear sky
100,Butaritari,KI,3.0707,172.7902,81.68,74,100,7.45,moderate rain
101,Pisco,PE,-13.7,-76.2167,63.01,85,25,6.98,scattered clouds
102,Nokaneng,BW,-19.6667,22.2667,65.55,36,62,11.61,broken clouds
103,Kemise,ET,10.7167,39.8667,68.83,70,2,5.61,light rain
104,Kitimat,CA,54.0524,-128.6534,71.98,89,100,1.99,moderate rain
105,Saskylakh,RU,71.9167,114.0833,51.04,57,88,5.82,overcast clouds
106,Piribebuy,PY,-25.4833,-57.05,63.75,64,24,4.29,few clouds
107,Esperance,AU,-33.8667,121.9,51.64,66,85,5.35,overcast clouds
108,Carnarvon,AU,-24.8667,113.6333,44.67,38,0,9.22,clear sky
109,Cap Malheureux,MU,-19.9842,57.6142,70.29,76,49,5.01,scattered clouds
110,Matadi,CD,-5.8167,13.45,76.6,74,50,4.23,scattered clouds
111,Cherskiy,RU,68.75,161.3,45.59,72,100,12.93,overcast clouds
112,Hirara,JP,24.8,125.2833,80.87,94,40,8.05,scattered clouds
113,Kentau,KZ,43.5206,68.5094,63.37,30,0,12.12,clear sky
114,Chuy,UY,-33.6971,-53.4616,54.54,97,99,4.56,overcast clouds
115,Brae,GB,60.3964,-1.353,55.31,89,90,13.53,overcast clouds
116,Esso,RU,55.9333,158.7,64.74,53,17,4.25,few clouds
117,Bandarbeyla,SO,9.4942,50.8122,78.03,74,68,28.14,broken clouds
118,Visby,SE,57.6409,18.296,61.86,77,40,19.57,scattered clouds
119,Nantucket,US,41.2835,-70.0995,81.01,86,38,14.9,scattered clouds
120,Marzuq,YE,14.4,46.4667,81.25,54,68,3.02,broken clouds
121,Pakxan,LA,18.3778,103.6601,74.5,99,100,6.04,light rain
122,Bennington,US,42.8781,-73.1968,78.53,70,32,7.09,scattered clouds
123,College,US,64.8569,-147.8028,53.65,65,90,4.0,overcast clouds
124,Kuala Terengganu,MY,5.3302,103.1408,78.75,89,20,3.44,few clouds
125,Ancud,CL,-41.8697,-73.8203,46.42,81,100,3.29,overcast clouds
126,Klaksvik,FO,62.2266,-6.589,50.92,95,100,8.93,overcast clouds
127,Mahebourg,MU,-20.4081,57.7,70.09,88,75,13.8,light rain
128,Hasaki,JP,35.7333,140.8333,68.4,95,100,2.46,overcast clouds
129,East London,ZA,-33.0153,27.9116,58.93,68,99,6.46,overcast clouds
130,Alice Springs,AU,-23.7,133.8833,47.75,46,0,3.44,clear sky
131,Victoria,HK,22.2855,114.1577,82.36,89,100,1.01,light rain
132,Pontalina,BR,-17.525,-49.4472,76.51,28,7,3.33,clear sky
133,Nelson Bay,AU,-32.7167,152.15,58.95,93,8,1.01,clear sky
134,Bac Lieu,VN,9.285,105.7244,80.19,81,100,2.35,light rain
135,Tombouctou,ML,20.0,-3.0,100.72,10,67,7.38,broken clouds
136,Labytnangi,RU,66.6572,66.4183,58.24,76,96,20.76,overcast clouds
137,Camopi,GF,3.1655,-52.3158,72.95,97,96,2.51,overcast clouds
138,Chernyshevskiy,RU,63.0128,112.4714,56.39,91,96,5.48,overcast clouds
139,Biak,ID,-0.9131,122.8766,76.33,83,44,7.74,scattered clouds
140,Calibutbut,PH,15.1114,120.6053,78.39,88,97,2.44,light rain
141,Conde,BR,-7.2597,-34.9075,74.66,88,0,11.5,clear sky
142,Abbeville,FR,50.1,1.8333,65.28,79,17,0.94,few clouds
143,Tungor,RU,53.3808,142.9564,66.63,59,63,11.65,broken clouds
144,Indapur,IN,18.3,73.25,76.75,85,78,2.66,broken clouds
145,Banjarmasin,ID,-3.3244,114.591,73.54,95,100,2.57,overcast clouds
146,Yellowknife,CA,62.456,-114.3525,59.52,94,90,17.27,light rain
147,Verkhnyaya Toyma,RU,62.2349,44.9985,54.55,94,66,3.89,broken clouds
148,Kapaa,US,22.0752,-159.319,87.78,68,18,5.99,few clouds
149,Torrington,US,41.8007,-73.1212,81.39,57,55,1.99,broken clouds
150,Salalah,OM,17.0151,54.0924,74.97,97,99,5.26,overcast clouds
151,Iqaluit,CA,63.7506,-68.5145,44.33,87,75,8.05,moderate rain
152,Hengshan,CN,45.2,130.9167,65.44,60,93,4.92,overcast clouds
153,Bhanvad,IN,21.9264,69.7736,79.72,77,100,14.41,overcast clouds
154,Williston,US,48.147,-103.618,98.2,19,0,1.01,clear sky
155,Gat,IL,31.61,34.7642,81.39,76,0,2.26,clear sky
156,Ibra,OM,22.6906,58.5334,81.66,57,52,1.19,broken clouds
157,Port Moresby,PG,-9.4431,147.1797,78.22,83,20,11.5,haze
158,Saint George,US,37.1041,-113.5841,104.79,21,64,5.99,broken clouds
159,Boulder City,US,35.9786,-114.8325,103.35,26,1,14.97,clear sky
160,Kurilsk,RU,45.2333,147.8833,56.82,73,42,8.28,scattered clouds
161,Mitu,CO,1.1983,-70.1733,70.3,99,99,1.39,overcast clouds
162,Sovetsk,RU,55.0839,21.8785,55.33,84,95,8.32,overcast clouds
163,Georgetown,MY,5.4112,100.3354,76.95,92,20,1.99,haze
164,Staritsa,RU,56.5075,34.9354,58.55,80,73,7.36,broken clouds
165,Leningradskiy,RU,69.3833,178.4167,36.05,96,100,18.43,overcast clouds
166,Souillac,MU,-20.5167,57.5167,70.18,88,75,13.8,light rain
167,Provideniya,RU,64.3833,-173.3,54.12,82,90,6.98,overcast clouds
168,Colac,AU,-38.3333,143.5833,51.62,76,1,12.24,clear sky
169,Kodiak,US,57.79,-152.4072,56.7,56,11,13.71,few clouds
170,Northam,GB,51.0333,-4.2167,64.02,91,100,10.76,overcast clouds
171,Uruzgan,AF,32.8333,66.0,70.12,17,0,6.46,clear sky
172,Nanortalik,GL,60.1432,-45.2371,48.56,97,100,5.7,light rain
173,Ribeira Grande,PT,38.5167,-28.7,72.28,86,52,15.9,broken clouds
174,Andenes,NO,69.3143,16.1194,49.98,81,90,20.71,overcast clouds
175,Luderitz,NA,-26.6481,15.1594,63.73,36,0,8.79,clear sky
176,Vao,NC,-22.6667,167.4833,67.64,67,77,18.23,broken clouds
177,Muroto,JP,33.2833,134.15,80.64,93,100,26.24,light rain
178,Paraiso,CR,9.8383,-83.8656,66.42,99,100,1.05,overcast clouds
179,Qaanaaq,GL,77.484,-69.3632,40.78,98,100,0.58,light rain
180,Gizo,SB,-8.103,156.8419,82.26,78,72,9.91,moderate rain
181,San Quintin,MX,30.4833,-115.95,77.27,61,0,15.88,clear sky
182,Severo-Kurilsk,RU,50.6789,156.125,57.07,78,18,9.35,few clouds
183,Coquimbo,CL,-29.9533,-71.3436,53.33,76,20,10.36,few clouds
184,Nemuro,JP,43.3236,145.575,57.36,83,77,13.78,broken clouds
185,Port Alfred,ZA,-33.5906,26.891,56.7,77,68,9.17,broken clouds
186,Raudeberg,NO,61.9875,5.1352,56.19,92,94,9.66,overcast clouds
187,Juba,SS,4.8517,31.5825,69.01,97,100,3.49,overcast clouds
188,Manokwari,ID,-0.8667,134.0833,80.44,70,95,2.42,light rain
189,Bossangoa,CF,6.4926,17.4552,69.93,97,94,3.47,overcast clouds
190,Rawson,AR,-43.3002,-65.1023,49.21,72,93,5.57,overcast clouds
191,Zhigansk,RU,66.7697,123.3711,46.53,79,100,11.36,overcast clouds
192,Qasigiannguit,GL,68.8193,-51.1922,43.38,99,100,4.5,light rain
193,Eching,DE,48.3,11.6167,70.74,94,0,1.14,clear sky
194,Deniliquin,AU,-35.5333,144.9667,48.0,59,74,8.84,broken clouds
195,Aklavik,CA,68.2191,-135.0107,63.43,45,40,3.44,haze
196,Narsaq,GL,60.9167,-46.05,51.89,88,100,3.13,light rain
197,Riyadh,SA,24.6877,46.7219,93.34,15,100,4.43,overcast clouds
198,Kruisfontein,ZA,-34.0033,24.7314,49.89,85,22,3.31,few clouds
199,Chipata,ZM,-13.6333,32.65,60.17,59,12,7.56,few clouds
200,Nome,US,64.5011,-165.4064,48.27,93,90,16.11,light rain
201,Constitucion,CL,-35.3333,-72.4167,48.43,89,100,4.74,overcast clouds
202,Nikolskoye,RU,59.7035,30.7861,62.49,98,98,5.7,light rain
203,Bethel,US,41.3712,-73.414,85.69,68,73,7.56,broken clouds
204,Sena Madureira,BR,-9.0656,-68.6569,82.71,39,94,1.61,overcast clouds
205,Kavaratti,IN,10.5669,72.642,80.94,78,93,15.73,overcast clouds
206,Krasnoshchekovo,RU,51.6708,82.7289,52.56,94,98,3.18,overcast clouds
207,Antofagasta,CL,-23.65,-70.4,58.28,83,36,5.7,scattered clouds
208,Ibotirama,BR,-12.1853,-43.2206,74.98,23,6,4.0,clear sky
209,Shimoda,JP,34.6667,138.95,79.86,92,100,19.3,overcast clouds
210,Portland,US,45.5234,-122.6762,100.94,38,62,4.18,broken clouds
211,Qaqortoq,GL,60.7167,-46.0333,49.93,97,100,5.26,light rain
212,San Juan,AR,-31.5375,-68.5364,62.24,19,25,8.03,scattered clouds
213,Santa Luzia,BR,-19.7697,-43.8514,74.3,55,20,8.05,few clouds
214,Talnakh,RU,69.4865,88.3972,52.32,87,100,8.12,overcast clouds
215,Aligudarz,IR,33.4006,49.6949,68.2,23,0,3.4,clear sky
216,Monforte De Lemos,ES,42.5216,-7.5142,64.85,94,0,2.66,clear sky
217,Vanimo,PG,-2.6741,141.3028,80.89,79,88,6.89,overcast clouds
218,Lasa,IT,46.6166,10.7002,69.03,86,77,2.89,broken clouds
219,Evanston,US,42.0411,-87.6901,80.58,42,96,1.01,overcast clouds
220,Ahuimanu,US,21.4447,-157.8378,86.77,62,12,15.39,few clouds
221,Adrar,MR,20.5022,-10.0711,97.47,16,45,6.13,scattered clouds
222,Arcachon,FR,44.5875,-1.0519,72.41,94,75,4.61,broken clouds
223,Champasak,LA,14.75,106.0,72.01,100,100,1.21,overcast clouds
224,Tahoua,NE,14.8888,5.2692,82.38,74,0,4.61,clear sky
225,Nhulunbuy,AU,-12.2333,136.7667,79.41,78,90,11.5,overcast clouds
226,Alofi,NU,-19.0595,-169.9187,75.09,64,27,17.27,scattered clouds
227,Jaciara,BR,-15.9653,-54.9683,78.78,34,0,5.39,clear sky
228,Seymchan,RU,62.8833,152.4333,57.6,63,40,17.34,scattered clouds
229,Opotiki,NZ,-38.0833,177.2833,55.15,49,3,2.95,clear sky
230,Willoughby,US,41.6398,-81.4065,75.07,62,1,8.05,clear sky
231,Sao Filipe,CV,14.8961,-24.4956,74.93,79,71,9.17,broken clouds
232,Muzhi,RU,65.3667,64.6667,59.95,67,50,21.0,scattered clouds
233,Rosiori,RO,44.8,27.3833,64.06,64,0,4.99,clear sky
234,Camargo,MX,27.6667,-105.1667,88.9,27,59,9.91,broken clouds
235,Mehriz,IR,31.5917,54.4318,86.5,20,0,0.67,clear sky
236,Sabalgarh,IN,26.25,77.4,80.62,78,61,8.57,broken clouds
237,Sao Felix Do Xingu,BR,-6.6447,-51.995,86.14,32,43,2.1,scattered clouds
238,Marquette,US,46.5333,-87.6335,75.78,56,7,3.76,clear sky
239,Marsala,IT,37.7966,12.4352,82.94,68,0,3.42,clear sky
240,Sorong,ID,-0.8833,131.25,78.49,83,64,3.04,broken clouds
241,Dikson,RU,73.5069,80.5464,49.46,94,100,15.77,overcast clouds
242,Manzanillo,CU,20.3433,-77.1167,83.26,68,60,6.64,broken clouds
243,Luba,GQ,3.4568,8.5547,77.83,85,36,7.23,scattered clouds
244,Oranjemund,NA,-28.55,16.4333,58.15,46,0,7.78,clear sky
245,Luanda,AO,-8.8368,13.2343,71.6,88,0,9.22,clear sky
246,Porto Torres,IT,40.835,8.3972,75.38,67,0,2.93,clear sky
247,Tecoanapa,MX,16.5167,-98.75,85.53,66,15,7.27,few clouds
248,Imeni Poliny Osipenko,RU,52.4201,136.4853,65.48,71,0,5.39,clear sky
249,Baykit,RU,61.67,96.37,55.65,94,100,3.58,overcast clouds
250,Lodja,CD,-3.4833,23.4333,70.83,83,73,1.39,broken clouds
251,Tanggu,CN,39.0211,117.6469,73.36,71,20,4.99,few clouds
252,Vestmannaeyjar,IS,63.4427,-20.2734,54.3,83,44,20.07,scattered clouds
253,Ahipara,NZ,-35.1667,173.1667,56.61,56,70,7.94,broken clouds
254,Den Helder,NL,52.9599,4.7593,66.18,83,90,11.5,overcast clouds
255,Jalu,LY,29.0331,21.5482,84.49,36,0,14.97,clear sky
256,Pevek,RU,69.7008,170.3133,36.25,96,100,17.18,overcast clouds
257,Shaoxing,CN,30.011,120.5715,75.15,98,100,1.23,overcast clouds
258,Cockburn Town,TC,21.4612,-71.1419,82.36,78,40,11.5,scattered clouds
259,Ulladulla,AU,-35.35,150.4667,58.87,50,70,6.96,broken clouds
260,Burnie,AU,-41.0667,145.9167,53.24,82,95,23.62,light rain
261,Birao,CF,10.2849,22.7882,71.47,95,85,1.3,light rain
262,Port Elizabeth,ZA,-33.918,25.5701,57.49,82,0,8.05,clear sky
263,Port Hawkesbury,CA,45.6169,-61.3485,79.59,86,1,1.99,clear sky
264,Kavieng,PG,-2.5744,150.7967,84.92,71,14,14.52,light rain
265,Janauba,BR,-15.8025,-43.3089,74.8,33,0,9.62,clear sky
266,Cortes,ES,41.9395,-1.4396,95.05,60,71,9.17,broken clouds
267,Suntar,RU,62.1444,117.6319,66.04,89,95,4.72,overcast clouds
268,Wamba,NG,8.9333,8.6,72.07,96,91,4.09,light rain
269,Landskrona,SE,55.8708,12.8302,61.93,85,87,18.63,overcast clouds
270,Saint-Paul,RE,-21.0096,55.2707,69.91,79,22,12.06,few clouds
271,Abu Kamal,SY,34.4506,40.9171,87.91,31,0,14.41,clear sky
272,Lazaro Cardenas,MX,17.9583,-102.2,84.7,77,47,7.56,scattered clouds
273,Carutapera,BR,-1.195,-46.02,75.92,89,59,5.88,broken clouds
274,Tuatapere,NZ,-46.1333,167.6833,51.82,78,96,6.78,overcast clouds
275,Torbay,CA,47.6666,-52.7314,74.17,92,75,2.3,broken clouds
276,Saint-Leu,RE,-21.15,55.2833,68.86,78,66,17.6,broken clouds
277,Flin Flon,CA,54.7682,-101.865,85.84,39,75,10.36,broken clouds
278,Fengcheng,CN,40.4536,124.0717,68.9,88,22,1.61,few clouds
279,Falam,MM,22.9167,93.6833,63.39,99,100,2.82,overcast clouds
280,Taoudenni,ML,22.6783,-3.9836,100.63,10,60,3.69,broken clouds
281,Siderno,IT,38.2779,16.302,83.84,50,0,6.04,clear sky
282,Lagoa,PT,39.05,-27.9833,71.73,84,40,13.22,scattered clouds
283,Ziarat,PK,30.3823,67.7282,62.91,58,0,1.61,clear sky
284,Zelenoborsk,RU,61.4669,64.0333,59.2,73,29,9.69,scattered clouds
285,Yulara,AU,-25.2406,130.9889,51.64,40,6,5.75,clear sky
286,Cozumel,MX,20.5083,-86.9458,88.95,72,8,1.99,clear sky
287,Turayf,SA,31.6725,38.6637,79.05,47,0,13.8,clear sky
288,Banda Aceh,ID,5.5577,95.3222,78.89,79,100,13.06,overcast clouds
289,Lata,PT,40.1629,-8.3327,65.05,91,52,1.79,broken clouds
290,Berlevag,NO,70.8578,29.0864,46.56,84,30,7.14,scattered clouds
291,Mitsamiouli,KM,-11.3847,43.2844,77.14,72,0,8.61,clear sky
292,Beliu,RO,46.4833,21.9833,73.22,51,7,6.22,clear sky
293,La Brea,HN,15.8,-85.9667,87.31,70,81,0.0,broken clouds
294,Kouango,CF,4.9934,19.9619,70.92,97,11,2.73,few clouds
295,Kahului,US,20.8947,-156.47,85.96,73,13,10.8,few clouds
296,Tabas,IR,33.5959,56.9244,84.04,19,0,2.15,clear sky
297,Tual,ID,-5.6667,132.75,79.41,86,88,19.08,overcast clouds
298,Henties Bay,NA,-22.116,14.2845,55.85,77,0,8.79,clear sky
299,Sar-E Pul,AF,35.8333,66.1667,55.56,38,0,2.71,clear sky
300,Tahe,CN,52.3333,124.7333,64.81,70,88,1.23,overcast clouds
301,Umm Lajj,SA,25.0213,37.2685,89.15,47,5,7.58,clear sky
302,Sembakung,ID,3.8167,117.25,78.73,98,95,1.14,overcast clouds
303,Dasoguz,TM,41.8363,59.9666,64.35,45,0,6.91,clear sky
304,Ulaangom,MN,49.9811,92.0667,64.4,61,100,4.88,overcast clouds
305,Vyazemskiy,RU,47.5378,134.7525,68.99,61,23,2.89,few clouds
306,Bambous Virieux,MU,-20.3428,57.7575,70.05,88,75,13.8,light rain
307,Gravdal,NO,68.1214,13.5031,50.02,82,27,15.32,scattered clouds
308,Srednekolymsk,RU,67.45,153.6833,48.22,68,100,14.65,overcast clouds
309,Samfya,ZM,-11.3649,29.5565,64.6,47,0,14.29,clear sky
310,Okhotsk,RU,59.3833,143.3,62.38,82,43,2.44,scattered clouds
311,Maneadero,MX,31.7167,-116.5667,82.18,75,10,4.0,clear sky
312,Winnemucca,US,40.973,-117.7357,98.11,11,6,10.87,clear sky
313,Karratha,AU,-20.7377,116.8463,70.48,44,39,5.08,scattered clouds
314,Kirakira,SB,-10.4544,161.9205,82.09,79,96,13.24,overcast clouds
315,Saldanha,ZA,-33.0117,17.9442,46.45,66,0,7.27,clear sky
316,Awbari,LY,26.5921,12.7805,82.45,26,0,8.48,clear sky
317,Guanica,PR,17.9716,-66.908,85.5,80,30,5.01,scattered clouds
318,Gorontalo,ID,0.5412,123.0595,75.38,92,44,2.57,scattered clouds
319,Xique-Xique,BR,-10.8218,-42.7263,77.67,42,4,18.19,clear sky
320,Liverpool,GB,53.4106,-2.9779,60.78,86,75,1.01,broken clouds
321,Richards Bay,ZA,-28.783,32.0377,57.6,81,98,6.15,overcast clouds
322,Port Pirie,AU,-33.1833,138.0167,39.29,59,1,3.94,clear sky
323,Jatara,IN,25.0167,79.05,79.12,76,7,6.93,clear sky
324,Puerto Escondido,MX,15.85,-97.0667,85.19,69,9,4.99,clear sky
325,Praia,CV,14.9215,-23.5087,77.54,78,20,6.91,few clouds
326,Olafsvik,IS,64.8945,-23.7142,52.65,90,3,12.84,clear sky
327,Ishigaki,JP,24.3448,124.1572,82.53,89,20,8.05,few clouds
328,Sokoto,NG,13.0609,5.239,78.67,76,18,10.45,few clouds
329,San Ramon,US,37.7799,-121.978,99.64,45,30,11.01,scattered clouds
330,Bereda,ES,43.2686,-7.5406,63.57,96,26,2.64,scattered clouds
331,Flinders,AU,-34.5833,150.8552,60.8,74,29,1.99,scattered clouds
332,Chumikan,RU,54.7183,135.315,68.43,67,8,12.97,clear sky
333,Tarakan,ID,3.3,117.6333,78.3,94,75,6.91,broken clouds
334,Suna,RU,57.8338,50.0588,57.06,82,39,5.32,scattered clouds
335,Cabo San Lucas,MX,22.8909,-109.9124,94.6,69,34,13.94,scattered clouds
336,Nara,JP,34.6851,135.8049,72.64,97,100,2.86,overcast clouds
337,Barra Do Bugres,BR,-15.0725,-57.1811,80.26,30,2,3.74,clear sky
338,Okato,NZ,-39.2,173.8833,53.42,64,86,11.72,overcast clouds
339,Radomsko,PL,51.0671,19.4448,67.33,79,5,4.34,clear sky
340,Kaitangata,NZ,-46.2817,169.8464,50.65,68,69,10.74,broken clouds
341,Te Anau,NZ,-45.4167,167.7167,44.74,94,100,6.6,overcast clouds
342,Atasu,KZ,48.6814,71.6433,57.33,53,68,9.08,broken clouds
343,Husavik,IS,66.0449,-17.3389,48.11,88,83,2.95,broken clouds
344,Rudnogorsk,RU,57.2639,103.7519,59.99,96,100,4.21,overcast clouds
345,Panaba,MX,21.2833,-88.2667,87.48,57,52,12.19,broken clouds
346,Bonthe,SL,7.5264,-12.505,76.24,82,99,8.28,light rain
347,Omsukchan,RU,62.5333,155.8,65.82,54,91,8.21,overcast clouds
348,Aitape,PG,-3.1374,142.3475,81.5,76,91,3.74,overcast clouds
349,Bengkulu,ID,-3.8004,102.2655,75.13,88,84,4.07,broken clouds
350,Luganville,VU,-15.5333,167.1667,75.31,80,94,17.47,overcast clouds
351,Rocha,UY,-34.4833,-54.3333,53.28,97,100,3.0,overcast clouds
352,Bagan,RU,54.1001,77.6646,52.79,93,27,6.67,scattered clouds
353,Nador,MA,35.174,-2.9287,75.27,94,90,0.0,overcast clouds
354,Komsomolskiy,UZ,40.4272,71.7189,77.72,23,33,20.71,scattered clouds
355,Lake Saint Louis,US,38.7976,-90.7857,84.2,51,55,3.0,broken clouds
356,Eyl,SO,7.9803,49.8164,77.95,72,28,25.79,scattered clouds
357,Saint-Joseph,RE,-21.3667,55.6167,68.38,78,97,13.62,overcast clouds
358,Natitingou,BJ,10.3042,1.3796,70.47,97,88,1.77,overcast clouds
359,Dorado,PR,18.4588,-66.2677,86.09,82,40,13.8,scattered clouds
360,Sitka,US,57.0531,-135.33,56.98,82,100,5.1,light rain
361,Thinadhoo,MV,0.5333,72.9333,81.75,75,96,16.17,overcast clouds
362,Daru,PG,-9.0763,143.2092,77.95,87,100,19.17,overcast clouds
363,Cootamundra,AU,-34.65,148.0333,43.95,81,53,2.26,broken clouds
364,Fairbanks,US,64.8378,-147.7164,55.09,67,100,4.0,overcast clouds
365,Airai,TL,-8.9266,125.4092,60.26,55,5,4.07,clear sky
366,Gao,ML,16.6362,1.637,88.7,42,37,9.48,scattered clouds
367,Petatlan,MX,17.5167,-101.2667,89.4,67,43,4.59,scattered clouds
368,Takoradi,GH,4.8845,-1.7554,74.98,83,5,9.22,clear sky
369,Tilichiki,RU,60.4667,166.1,61.05,62,31,3.87,scattered clouds
370,Raga,SS,8.4596,25.678,68.86,95,86,3.24,overcast clouds
371,North Bend,US,43.4065,-124.2243,80.92,76,84,8.72,broken clouds
372,Millinocket,US,45.6573,-68.7098,75.42,68,88,1.41,overcast clouds
373,Caravelas,BR,-17.7125,-39.2481,68.49,79,5,5.3,clear sky
374,Bowen,AU,-20.0167,148.2333,68.22,73,91,15.08,overcast clouds
375,Vadso,NO,70.0744,29.7487,50.88,84,92,6.87,overcast clouds
376,Yar-Sale,RU,66.8333,70.8333,58.59,79,61,18.25,broken clouds
377,Muros,ES,42.7762,-9.0603,67.23,81,1,7.0,clear sky
378,Bontang,ID,0.1333,117.5,77.94,85,91,1.07,overcast clouds
379,Shimoni,KE,-4.6476,39.3817,74.12,84,2,12.62,clear sky
380,Tigil,RU,57.8,158.6667,63.32,65,36,16.87,scattered clouds
381,Balykshi,KZ,47.0667,51.8667,66.2,34,0,6.71,clear sky
382,Dalby,AU,-27.1833,151.2667,57.9,65,86,1.59,overcast clouds
383,Chany,RU,55.3121,76.7647,56.79,85,91,4.36,overcast clouds
384,Port-Gentil,GA,-0.7193,8.7815,78.76,83,40,9.22,scattered clouds
385,Cochrane,CA,51.1834,-114.4687,98.42,15,20,4.61,haze
386,Itarema,BR,-2.9248,-39.9167,78.17,73,46,8.41,scattered clouds
387,Nanakuli,US,21.3906,-158.1547,85.03,61,90,17.27,overcast clouds
388,Opunake,NZ,-39.4556,173.8583,54.34,63,75,16.4,broken clouds
389,Camana,PE,-16.6228,-72.7111,61.61,80,58,6.96,broken clouds
390,Sicamous,CA,50.8331,-118.9856,85.89,17,5,4.36,clear sky
391,Kulhudhuffushi,MV,6.6221,73.07,81.93,75,100,16.84,overcast clouds
392,Simi,SL,9.5667,-12.35,72.34,97,100,2.86,overcast clouds
393,Puerto Del Rosario,ES,28.5004,-13.8627,74.88,94,4,13.8,clear sky
394,Black River,JM,18.0264,-77.8487,87.98,75,44,2.15,scattered clouds
395,Piacabucu,BR,-10.4056,-36.4344,72.63,86,48,8.05,scattered clouds
396,Kosmach,UA,48.7509,24.3673,63.82,70,2,5.64,clear sky
397,Batagay-Alyta,RU,67.8006,130.4114,46.8,68,100,4.34,overcast clouds
398,Saint-Pierre,RE,-21.3393,55.4781,69.48,74,90,13.8,overcast clouds
399,Saint Anthony,US,45.0205,-93.218,87.94,34,1,1.01,clear sky
400,Walvis Bay,NA,-22.9575,14.5053,56.08,87,0,10.36,clear sky
401,Longyearbyen,SJ,78.2186,15.6401,44.44,70,75,10.36,broken clouds
402,Udachnyy,RU,66.4167,112.4,51.08,66,99,8.05,overcast clouds
403,Namibe,AO,-15.1961,12.1522,63.9,91,72,4.03,broken clouds
404,Pucallpa,PE,-8.3791,-74.5539,85.17,42,90,1.7,overcast clouds
405,Ngunguru,NZ,-35.6167,174.5,58.15,56,5,7.92,clear sky
406,Tautira,PF,-17.7333,-149.15,84.22,75,52,8.05,light rain
407,Camacha,PT,33.0833,-16.3333,70.56,88,40,10.36,scattered clouds
408,Inuvik,CA,68.3499,-133.7218,63.46,45,40,5.75,scattered clouds
409,Dinguiraye,GN,11.3,-10.7167,69.67,99,100,5.1,heavy intensity rain
410,Kenai,US,60.5544,-151.2583,61.14,68,97,4.09,overcast clouds
411,Baghdad,IQ,33.3406,44.4009,89.51,33,0,9.22,clear sky
412,Evensk,RU,61.95,159.2333,50.32,96,100,8.08,overcast clouds
413,Port Lincoln,AU,-34.7333,135.8667,52.93,60,0,9.6,clear sky
414,Tomatlan,MX,19.9333,-105.25,88.02,67,43,13.44,scattered clouds
415,Labuhan,ID,-6.8844,112.2051,76.6,85,74,6.4,broken clouds
416,Miandoab,IR,36.9694,46.1027,73.89,33,2,5.17,clear sky
417,Bilibino,RU,68.0546,166.4372,46.45,67,99,8.32,overcast clouds
418,Contramaestre,CU,20.2978,-76.2414,79.23,83,64,3.56,broken clouds
419,Birmitrapur,IN,22.4,84.7667,81.55,73,100,1.86,overcast clouds
420,Ust-Tsilma,RU,65.441,52.1498,53.58,87,100,10.8,overcast clouds
421,Plettenberg Bay,ZA,-34.0527,23.3716,53.65,75,0,4.54,clear sky
422,Jerantut,MY,3.936,102.3626,72.46,98,100,0.2,overcast clouds
423,Pafos,CY,34.7667,32.4167,82.31,39,0,5.75,clear sky
424,Palmer,US,42.1584,-72.3287,83.68,49,65,1.99,broken clouds
425,Nsanje,MW,-16.92,35.262,68.13,81,85,7.05,overcast clouds
426,Grindavik,IS,63.8424,-22.4338,53.55,87,75,11.5,broken clouds
427,Touros,BR,-5.1989,-35.4608,76.1,84,9,18.32,clear sky
428,Breytovo,RU,58.2993,37.8617,58.59,83,63,9.22,broken clouds
429,Verkhnyaya Tura,RU,58.3594,59.8175,58.37,83,100,4.97,overcast clouds
430,Palana,RU,59.1167,159.9667,53.94,79,100,23.02,overcast clouds
431,Beni Suef,EG,29.0731,31.0979,83.17,49,0,12.06,clear sky
432,Sorland,NO,67.667,12.6934,51.71,79,47,21.12,scattered clouds
433,Ulu-Telyak,RU,54.9086,56.9669,55.47,55,3,2.68,clear sky
434,Yumen,CN,40.2833,97.2,72.88,27,46,15.46,scattered clouds
435,Limbang,MY,4.75,115.0,75.51,97,99,1.16,overcast clouds
436,Kerema,PG,-7.9631,145.7785,79.0,84,99,4.85,overcast clouds
437,Hutchinson,US,38.0608,-97.9298,88.29,37,19,9.91,few clouds
438,Melbu,NO,68.5044,14.8297,52.21,87,19,6.85,few clouds
439,Phonhong,LA,18.5007,102.4166,75.33,96,100,3.29,moderate rain
440,Yuksekova,TR,37.5736,44.2872,68.63,62,0,6.64,clear sky
441,Keti Bandar,PK,24.1447,67.4497,79.36,83,100,19.01,overcast clouds
442,Pishin,PK,30.5803,66.9961,73.92,40,0,4.32,clear sky
443,Mossendjo,CG,-2.9506,12.7261,71.08,84,53,4.63,broken clouds
444,San Jose,US,37.3394,-121.895,97.72,64,1,12.66,haze
445,Sao Joao Da Barra,BR,-21.6403,-41.0511,69.37,89,83,9.35,broken clouds
446,Manavalakurichi,IN,8.1333,77.3,78.89,81,100,17.47,overcast clouds
447,Bindura,ZW,-17.3019,31.3306,59.02,78,17,6.4,few clouds
448,Zarichne,UA,51.8126,26.129,63.07,90,46,6.04,scattered clouds
449,San Jeronimo,PE,-11.9472,-75.2829,53.67,67,75,5.3,broken clouds
450,Bikin,RU,46.8161,134.26,68.81,56,31,1.61,scattered clouds
451,Kilindoni,TZ,-7.9139,39.6668,76.77,76,4,18.14,clear sky
452,Hobyo,SO,5.3505,48.5268,76.68,84,22,24.56,few clouds
453,Geraldton,AU,-28.7667,114.6,45.01,81,0,5.75,clear sky
454,Port Hedland,AU,-20.3167,118.5667,64.45,42,75,4.61,broken clouds
455,Santa Quiteria,BR,-4.3319,-40.1567,86.18,32,62,2.71,broken clouds
456,Loreto,MX,22.2667,-101.9667,72.72,43,65,14.74,broken clouds
457,Szihalom,HU,47.7667,20.4833,74.82,49,13,3.29,few clouds
458,Baiyin,CN,36.5583,104.2081,59.88,64,10,5.91,clear sky
459,Umea,SE,63.8284,20.2597,59.92,94,75,6.91,broken clouds
460,Port Shepstone,ZA,-30.7414,30.455,57.2,82,90,11.48,overcast clouds
461,Kota Belud,MY,6.351,116.4305,76.86,83,75,4.03,broken clouds
462,Gulbene,LV,57.1777,26.7529,55.06,91,100,6.64,overcast clouds
463,Prado,BR,-17.3411,-39.2208,69.33,80,3,6.29,clear sky
464,Methoni,GR,36.8197,21.7049,75.06,60,0,3.06,clear sky
465,Waingapu,ID,-9.6567,120.2641,77.38,79,5,10.58,clear sky
466,Sabang,ID,5.8933,95.3214,81.16,76,100,21.34,light rain
467,Waddan,LY,29.1614,16.139,77.92,57,0,9.64,clear sky
468,Nyaunglebin,MM,17.95,96.7333,75.6,93,100,4.7,overcast clouds
469,Edd,ER,13.9297,41.6925,92.66,48,87,5.32,overcast clouds
470,Tura,IN,25.5198,90.2201,73.8,98,100,5.3,overcast clouds
471,Avera,US,33.194,-82.5271,76.51,48,63,9.04,broken clouds
472,Ambon,ID,-3.6954,128.1814,80.74,89,40,4.61,scattered clouds
473,Prainha,BR,-1.8,-53.48,76.77,83,30,2.86,scattered clouds
474,Cedar City,US,37.6775,-113.0619,88.18,18,54,12.86,broken clouds
475,Los Llanos De Aridane,ES,28.6585,-17.9182,69.55,88,0,14.97,clear sky
476,Necochea,AR,-38.5473,-58.7368,50.04,69,0,9.26,clear sky
477,Lourdes,FR,43.1,-0.05,69.28,94,90,4.61,overcast clouds
478,Mackay,AU,-21.15,149.2,72.05,88,75,9.22,broken clouds
479,Lalmohan,BD,22.3384,90.7419,82.47,83,100,9.84,overcast clouds
480,Hambantota,LK,6.1241,81.1185,79.16,78,100,18.25,overcast clouds
481,Viedma,AR,-40.8135,-62.9967,48.07,51,0,5.1,clear sky
482,Ternate,ID,0.8,127.4,79.77,79,85,3.22,overcast clouds
483,Yerbogachen,RU,61.2767,108.0108,61.11,82,89,4.27,overcast clouds
484,Okoneshnikovo,RU,54.8377,75.0834,58.08,75,100,4.72,overcast clouds
485,Murgab,TM,37.4966,61.9714,67.87,42,0,6.91,clear sky
486,Tabuny,RU,52.7773,78.7896,57.33,66,98,6.85,overcast clouds
487,Grand Junction,US,39.0639,-108.5507,100.63,16,1,7.0,clear sky
488,Port Victoria,KE,0.0939,33.9756,66.47,88,100,8.9,moderate rain
489,Arroyo,ES,41.6096,-4.7969,82.15,30,0,4.61,clear sky
490,Alta Floresta,BR,-9.8756,-56.0861,83.12,29,78,3.38,broken clouds
491,Mehamn,NO,71.0357,27.8492,45.3,83,56,8.21,broken clouds
492,Natchez,US,31.5604,-91.4032,79.25,94,75,0.0,thunderstorm with light rain
493,Tucuman,AR,-26.8241,-65.2226,66.2,26,13,4.61,few clouds
494,Broome,US,42.2506,-75.833,75.16,71,26,1.01,scattered clouds
495,Kilrush,IE,52.6397,-9.4833,60.55,92,92,6.85,overcast clouds
496,Valleyview,CA,55.0667,-117.2859,74.8,38,100,16.69,overcast clouds
497,Mantua,IT,45.1667,10.7833,82.74,75,0,1.99,clear sky
498,Victor Harbor,AU,-35.5667,138.6167,56.46,81,0,12.12,clear sky
499,Yakymivka,UA,46.6897,35.1536,67.03,58,92,7.31,overcast clouds
500,Ourem,PT,39.6417,-8.5919,67.86,88,61,7.45,broken clouds
501,Limbazi,LV,57.5129,24.7194,59.04,82,92,10.11,overcast clouds
502,Leshukonskoye,RU,64.8989,45.7622,50.7,93,43,2.95,scattered clouds
503,Makakilo City,US,21.3469,-158.0858,83.61,61,90,17.27,overcast clouds
504,Anadyr,RU,64.75,177.4833,57.7,82,40,17.9,light rain
505,Timmins,CA,48.4669,-81.3331,64.22,59,75,3.44,broken clouds
506,Manggar,ID,-2.8833,108.2667,79.16,87,100,15.32,overcast clouds
507,Winslow,US,35.0242,-110.6974,87.96,37,99,1.99,overcast clouds
508,Praia Da Vitoria,PT,38.7333,-27.0667,75.45,83,20,6.67,few clouds
509,Damietta,EG,31.4165,31.8133,82.29,69,0,6.85,clear sky
510,Palmerston,AU,-12.486,130.9833,76.98,80,0,6.91,clear sky
511,Mount Gambier,AU,-37.8333,140.7667,48.11,87,0,12.66,clear sky
512,Pacifica,US,37.6138,-122.4869,95.68,77,69,7.0,broken clouds
513,Vardo,NO,70.3705,31.1107,48.92,84,65,5.41,broken clouds
514,Miyako,JP,39.6367,141.9525,64.36,92,100,8.3,overcast clouds
515,Celestun,MX,20.8667,-90.4,84.87,72,6,13.33,clear sky
516,Port Blair,IN,11.6667,92.75,80.15,84,100,14.25,light rain
517,Yenagoa,NG,4.9247,6.2642,75.99,88,100,4.81,overcast clouds
518,Swan River,CA,52.1058,-101.2676,94.89,17,10,12.66,clear sky
519,Zyryanka,RU,65.75,150.85,50.41,75,100,10.94,overcast clouds
520,Palu,ID,-0.8917,119.8707,75.0,89,60,3.13,broken clouds
521,Ayagoz,KZ,47.9714,80.4392,53.17,77,89,12.57,overcast clouds
522,Tiksi,RU,71.6872,128.8694,45.81,71,100,5.35,overcast clouds
523,Basco,PH,20.4487,121.9702,83.97,70,1,6.85,clear sky
524,Cornelio Procopio,BR,-23.1811,-50.6467,75.83,62,0,6.53,clear sky
525,Dicabisagan,PH,17.0818,122.4157,79.07,86,86,4.16,heavy intensity rain
526,Xuanzhou,CN,30.9525,118.7553,73.17,98,99,0.49,moderate rain
527,Naze,JP,28.3667,129.4833,79.72,84,98,13.47,overcast clouds
528,Otane,NZ,-39.8833,176.6333,57.0,59,0,1.23,clear sky
529,Twin Falls,US,42.3505,-114.6445,95.7,11,25,19.17,scattered clouds
530,Rayagada,IN,19.1667,83.4167,77.18,91,99,3.18,overcast clouds
531,Dubbo,AU,-32.25,148.6167,42.93,81,0,9.22,clear sky
532,Buraydah,SA,26.326,43.975,93.65,15,77,9.86,broken clouds
533,Ponta Delgada,PT,37.7333,-25.6667,74.12,88,75,9.22,broken clouds
534,Thabazimbi,ZA,-24.5917,27.4116,56.17,65,78,8.81,broken clouds
535,Marawi,PH,7.9986,124.2928,64.65,87,95,1.63,overcast clouds
536,Diego De Almagro,CL,-26.3667,-70.05,59.92,37,0,3.98,clear sky
537,Camocim,BR,-2.9022,-40.8411,78.98,74,39,11.68,scattered clouds
538,Warri,NG,5.5167,5.75,75.54,87,74,4.07,broken clouds
539,Benghazi,LY,32.1167,20.0667,81.0,60,0,25.84,clear sky
540,Emerald,AU,-23.5333,148.1667,60.94,67,40,11.5,scattered clouds
541,Kalmunai,LK,7.4167,81.8167,79.29,82,100,6.31,light rain
542,Demyanovo,RU,60.3511,47.0842,56.41,85,73,5.08,broken clouds
543,Vallenar,CL,-28.5708,-70.7581,60.3,50,40,3.51,scattered clouds
544,Westport,US,41.1415,-73.3579,87.75,78,84,5.99,broken clouds
545,Padang,ID,-0.9492,100.3543,76.3,91,100,4.45,overcast clouds
546,Turkistan,KZ,43.0,68.0,63.09,29,0,5.53,clear sky
547,Stornoway,GB,58.2093,-6.3865,55.92,93,90,4.61,overcast clouds
548,Logansport,US,40.7545,-86.3567,77.92,59,1,4.61,clear sky
549,Adana,TR,36.985,35.2881,82.42,77,20,0.0,few clouds
550,Santiago,CL,-33.4569,-70.6483,62.04,43,75,2.3,haze
551,Castlemaine,AU,-37.0667,144.2167,53.28,75,31,6.35,scattered clouds
552,Shetpe,KZ,44.1667,52.1167,76.14,26,3,9.24,clear sky
553,Sauda,NO,59.6506,6.3542,57.69,98,85,3.85,overcast clouds
554,Ust-Maya,RU,60.4167,134.5333,71.28,56,61,3.4,broken clouds
555,Daraitan,PH,14.6028,121.4319,76.71,91,100,2.53,heavy intensity rain
556,Antalaha,MG,-14.9003,50.2788,67.33,87,12,8.99,few clouds
557,Morondava,MG,-20.2833,44.2833,72.07,56,0,11.39,clear sky
558,Sangar,RU,63.9242,127.4739,63.05,85,100,4.47,light rain
559,Dongning,CN,44.0622,131.1207,67.23,56,49,1.9,scattered clouds
560,Rudraprayag,IN,30.2833,78.9833,71.96,95,27,2.17,scattered clouds
561,Abnub,EG,27.2696,31.1511,86.38,25,0,7.83,clear sky
562,Sakyla,FI,61.0333,22.3333,60.84,93,100,6.2,light rain
563,Urumqi,CN,43.801,87.6005,58.15,94,90,8.95,light intensity shower rain
564,Tanout,NE,14.9709,8.8879,85.69,48,22,8.41,few clouds
565,Yeniseysk,RU,58.4497,92.1703,50.02,98,12,4.27,few clouds
566,Melfi,IT,40.9965,15.6514,77.23,43,0,3.98,clear sky
567,Minot,US,48.2325,-101.2963,95.11,15,0,4.0,clear sky
568,Haines Junction,CA,60.7522,-137.5108,59.18,48,94,7.83,overcast clouds
569,Marovoay,MG,-16.1,46.6333,69.58,63,2,4.68,clear sky
570,Charters Towers,AU,-20.1,146.2667,68.9,63,27,12.48,scattered clouds
571,Zlitan,LY,32.4674,14.5687,80.58,73,0,7.67,clear sky
572,Fort Saint James,CA,54.4333,-124.25,79.77,34,96,14.97,overcast clouds
573,Isangel,VU,-19.55,169.2667,71.2,61,51,17.05,broken clouds
574,Itoman,JP,26.1247,127.6694,84.22,84,40,9.22,light intensity shower rain
575,Huarmey,PE,-10.0681,-78.1522,64.09,80,43,10.25,scattered clouds
576,Varnavino,RU,57.4035,45.0916,62.33,66,53,4.68,broken clouds
577,Amapa,BR,1.0,-52.0,72.36,97,48,2.46,scattered clouds
578,Lavrentiya,RU,65.5833,-171.0,52.79,80,92,12.08,overcast clouds
579,Leopold,AU,-38.1833,144.4667,55.65,69,5,5.99,clear sky
580,Axim,GH,4.8699,-2.2405,75.43,84,2,8.93,clear sky
581,Eureka,US,40.8021,-124.1637,70.2,84,85,1.01,overcast clouds
582,Coihaique,CL,-45.5752,-72.0662,40.84,88,100,3.62,overcast clouds
583,Lakes Entrance,AU,-37.8811,147.981,51.19,57,8,11.39,clear sky
584,Bria,CF,6.5423,21.9863,68.79,95,99,1.97,overcast clouds
585,West Wendover,US,40.7391,-114.0733,97.59,12,11,4.5,few clouds
586,Inirida,CO,3.8653,-67.9239,72.93,96,98,1.05,moderate rain
587,Belmonte,BR,-15.8631,-38.8828,72.1,80,2,6.58,clear sky
588,Cheremukhovo,RU,60.3484,59.9851,56.77,81,98,5.1,overcast clouds
589,Seoul,KR,37.5683,126.9778,74.59,78,0,4.61,clear sky
590,San Borja,BO,-14.8167,-66.85,74.59,46,0,2.53,clear sky
591,Yubari,JP,43.0378,141.9578,59.5,65,19,2.42,few clouds
592,Comodoro Rivadavia,AR,-45.8667,-67.5,49.86,53,0,3.44,clear sky
593,Timberlake,US,37.3207,-79.2575,91.96,72,76,5.01,broken clouds
594,Shitkino,RU,56.3703,98.3543,57.04,96,96,9.17,overcast clouds
595,San Cristobal,VE,7.7669,-72.225,67.21,97,93,4.45,overcast clouds
596,Bud,US,39.447,-86.1758,79.99,57,98,8.57,overcast clouds
597,Mabaruma,GY,8.2,-59.7833,74.84,97,100,3.33,overcast clouds
598,Moerai,PF,-22.4333,-151.3333,72.55,76,6,3.62,clear sky
599,Kayes,ML,14.0,-11.0,77.79,87,99,7.18,overcast clouds
600,Garwolin,PL,51.8975,21.6147,68.72,76,42,2.28,scattered clouds
601,Chicama,PE,-7.8447,-79.1469,66.4,75,17,9.19,few clouds
602,Grafton,US,42.207,-71.6856,85.57,70,64,1.99,broken clouds
603,Richmond,US,37.5538,-77.4603,82.2,86,20,4.61,few clouds
604,Muli,MV,2.9167,73.5667,81.59,76,100,18.81,overcast clouds
605,Pulawy,PL,51.4166,21.9694,68.72,95,24,2.04,few clouds
606,Bartica,GY,6.4,-58.6167,74.35,98,88,3.24,overcast clouds
607,Severomorsk,RU,69.0689,33.4162,50.4,81,84,3.76,broken clouds
608,Hun,LY,29.1268,15.9477,78.57,54,0,8.1,clear sky
609,Mangrol,IN,21.1167,70.1167,80.6,79,100,16.53,overcast clouds
610,Lisala,CD,2.15,21.5167,71.83,86,80,2.1,broken clouds
611,Nusaybin,TR,37.0778,41.2178,83.84,28,0,3.94,clear sky
612,Cururupu,BR,-1.8283,-44.8683,74.48,93,16,3.04,few clouds
613,Kemlya,RU,54.6963,45.2424,57.16,93,100,2.8,overcast clouds
614,Bondo,CD,3.8146,23.6866,67.95,98,71,1.39,light rain
615,Bandar,ID,2.05,99.75,72.12,96,100,2.13,light rain
616,Voh,NC,-20.9667,164.7,73.18,45,0,8.93,clear sky
617,Mahoba,IN,25.2833,79.8667,80.02,77,9,7.31,clear sky
618,Shingu,JP,33.7333,135.9833,81.91,90,100,14.0,light rain
619,Meulaboh,ID,4.1363,96.1285,73.24,95,100,4.18,overcast clouds
620,Tondano,ID,1.3038,124.9112,66.29,84,62,3.18,broken clouds
621,Vicuna,CL,-30.0319,-70.7081,62.69,40,63,0.74,broken clouds
622,Decatur,US,39.8403,-88.9548,82.26,72,97,4.14,overcast clouds
623,Nishihara,JP,26.1842,127.7558,83.48,100,40,9.22,scattered clouds
624,Samana,DO,19.2056,-69.3369,80.62,88,100,6.91,overcast clouds
625,Koping,SE,59.514,15.9926,59.45,91,81,11.39,broken clouds
626,Otradnoye,RU,59.7775,30.8181,62.65,98,97,5.79,light rain
627,Boa Vista,BR,2.8197,-60.6733,82.38,74,40,4.61,light rain
628,Hofn,IS,64.2539,-15.2082,49.64,90,100,7.99,overcast clouds
629,Beloha,MG,-25.1667,45.05,60.22,62,77,12.28,broken clouds
630,Kuruman,ZA,-27.4524,23.4325,41.0,87,91,10.96,overcast clouds
631,Yuzhnyy,RU,53.2542,83.6936,53.98,94,40,4.47,mist
632,Tuy Hoa,VN,13.0833,109.3,78.19,82,94,5.1,overcast clouds
633,Radhanpur,IN,23.8333,71.6,81.46,71,28,14.45,scattered clouds
634,Kutum,SD,14.2,24.6667,65.7,85,100,16.71,overcast clouds
635,Gangapur,IN,26.4833,76.7167,82.26,70,99,11.34,overcast clouds
636,Igarka,RU,67.4667,86.5833,51.57,93,100,10.96,overcast clouds
637,Raahe,FI,64.6833,24.4833,57.29,89,100,10.13,overcast clouds
638,Les Cayes,HT,18.2,-73.75,81.91,75,45,3.15,scattered clouds
639,Noumea,NC,-22.2763,166.4572,71.58,59,51,13.0,broken clouds
640,Aksha,RU,50.2814,113.2867,57.74,90,7,1.28,clear sky
641,Bolpur,IN,23.6667,87.7167,81.23,87,100,5.93,overcast clouds
642,Kabare,CD,-2.4683,28.8242,60.8,81,52,0.6,broken clouds
643,Gobo,JP,33.8833,135.15,81.95,97,100,8.5,light rain
644,Coahuayana,MX,18.7333,-103.6833,87.46,70,98,5.48,overcast clouds
645,Mocuba,MZ,-16.8392,36.9856,66.54,88,96,6.87,light rain
646,Qui Nhon,VN,13.7667,109.2333,80.76,70,100,3.18,overcast clouds
647,Rawlins,US,41.7911,-107.2387,89.82,11,41,10.92,scattered clouds
648,Bathurst,AU,-33.4166,149.5806,51.84,63,2,1.7,clear sky
649,Nuevo Progreso,MX,23.1667,-97.95,92.59,56,24,11.77,few clouds
650,Hovd,MN,48.0056,91.6419,64.56,51,100,7.11,overcast clouds
651,Sambava,MG,-14.2667,50.1667,67.6,87,28,11.61,light rain
652,Bambanglipuro,ID,-7.95,110.2833,73.65,91,2,5.37,clear sky
653,Staryy Nadym,RU,65.6118,72.6842,62.56,71,70,13.82,broken clouds
654,Bam,IR,29.106,58.357,86.79,15,6,7.67,clear sky
655,Leninsk,RU,48.7119,45.1994,76.86,74,100,2.08,overcast clouds
656,Leeuwarden,NL,53.2014,5.8086,64.98,88,75,5.75,broken clouds
657,Sanmenxia,CN,34.7747,111.1814,70.02,87,0,6.93,light rain
658,Ugoofaaru,MV,5.6667,73.0,82.13,73,100,18.34,overcast clouds
659,Faya,SA,18.3851,42.4509,72.0,27,18,5.1,few clouds
660,Asyut,EG,27.181,31.1837,86.29,25,0,7.61,clear sky
661,Chandler,US,33.3062,-111.8412,97.59,48,100,1.99,overcast clouds
662,Bonavista,CA,48.6499,-53.1147,65.12,98,91,11.18,overcast clouds
663,Mbaiki,CF,3.8678,17.9892,69.62,98,87,1.81,moderate rain
664,Acarau,BR,-2.8856,-40.12,77.47,76,30,8.23,scattered clouds
665,Ust-Kuyga,RU,70.0167,135.6,46.98,70,100,1.99,overcast clouds
666,Enshi,CN,30.3,109.4833,69.01,97,100,0.58,overcast clouds
667,Arkhipo-Osipovka,RU,44.37,38.52,68.9,90,92,6.76,light rain
668,Pacific Grove,US,36.6177,-121.9166,91.81,89,47,5.01,scattered clouds
669,Kenitra,MA,34.261,-6.5802,87.73,63,52,6.04,broken clouds
670,Sudak,UA,44.85,34.9667,72.21,57,95,8.19,overcast clouds
671,Havre-Saint-Pierre,CA,50.2334,-63.5986,67.26,85,91,6.31,overcast clouds
672,Vila,PT,42.0304,-8.1588,62.71,74,2,3.94,clear sky
673,Stryn,NO,61.9045,6.7226,57.31,90,100,2.46,overcast clouds
674,Peniche,PT,39.3558,-9.3811,69.28,92,40,16.24,scattered clouds
675,Arlit,NE,18.7369,7.3853,97.11,22,61,5.48,broken clouds
676,Laranjeiras Do Sul,BR,-25.4078,-52.4161,56.82,95,15,1.14,few clouds
677,Kamaishi,JP,39.2667,141.8833,67.15,91,100,10.71,overcast clouds
678,Sept-Iles,CA,50.2001,-66.3821,64.92,98,90,4.61,mist
679,Deputatskiy,RU,69.3,139.9,43.21,67,91,2.13,overcast clouds
680,Puka,EE,58.0559,26.2436,58.24,83,100,8.84,overcast clouds
681,Suzun,RU,53.7841,82.3116,56.26,86,100,3.04,overcast clouds
682,Hohhot,CN,40.8106,111.6522,65.21,75,70,2.86,broken clouds
683,Sisimiut,GL,66.9395,-53.6735,47.73,90,96,29.08,overcast clouds
684,Port Augusta,AU,-32.5,137.7667,51.71,49,1,1.12,clear sky
685,Concordia,AR,-31.393,-58.0209,60.87,67,0,4.61,clear sky
686,Tateyama,JP,34.9833,139.8667,71.53,88,75,13.8,light intensity shower rain
687,Prince Rupert,CA,54.3161,-130.3201,64.49,82,75,8.05,light rain
688,Apollonia,GR,36.9716,24.7231,76.91,63,0,25.61,clear sky
689,Popondetta,PG,-8.7537,148.2534,82.78,64,40,1.5,scattered clouds
690,Waidhofen,DE,48.5833,11.3333,71.53,88,20,1.14,few clouds
691,Navalmoral De La Mata,ES,39.8916,-5.5406,85.57,18,10,3.22,clear sky
692,Suicheng,CN,33.8963,117.9331,70.25,92,1,7.56,light rain
693,Allende,MX,25.2833,-100.0167,89.58,38,60,6.02,broken clouds
694,Nagornskiy,RU,58.7731,57.5451,51.78,95,99,2.55,overcast clouds
695,Hay River,CA,60.8156,-115.7999,55.54,82,63,14.32,broken clouds
696,Aykhal,RU,66.0,111.5,49.15,82,100,7.67,overcast clouds
